-- phpMyAdmin SQL Dump
-- version 5.2.0
-- https://www.phpmyadmin.net/
--
-- Servidor: 127.0.0.1
-- Tiempo de generación: 15-12-2022 a las 07:12:53
-- Versión del servidor: 10.4.25-MariaDB
-- Versión de PHP: 8.1.10

SET SQL_MODE = "NO_AUTO_VALUE_ON_ZERO";
START TRANSACTION;
SET time_zone = "+00:00";


/*!40101 SET @OLD_CHARACTER_SET_CLIENT=@@CHARACTER_SET_CLIENT */;
/*!40101 SET @OLD_CHARACTER_SET_RESULTS=@@CHARACTER_SET_RESULTS */;
/*!40101 SET @OLD_COLLATION_CONNECTION=@@COLLATION_CONNECTION */;
/*!40101 SET NAMES utf8mb4 */;

--
-- Base de datos: `ferreteria`
--

-- --------------------------------------------------------

--
-- Estructura de tabla para la tabla `despacho`
--

CREATE TABLE `despacho` (
  `id` int(11) NOT NULL,
  `num_despacho` int(11) DEFAULT NULL,
  `nombre_cliente` varchar(100) DEFAULT NULL,
  `num_cliente` int(11) DEFAULT NULL,
  `direccion_cliente` varchar(100) DEFAULT NULL,
  `fecha_entrega` date DEFAULT NULL
) ENGINE=InnoDB DEFAULT CHARSET=utf8mb4;

--
-- Volcado de datos para la tabla `despacho`
--

INSERT INTO `despacho` (`id`, `num_despacho`, `nombre_cliente`, `num_cliente`, `direccion_cliente`, `fecha_entrega`) VALUES
(1, 0, 'dasdas', 42342342, 'adasdas', '2022-10-11'),
(2, 3, 'joseph urzua', 93235, 'quinta de tilcoco las hijuelas 1171', '2022-11-04'),
(3, 9, 'joseph urzua', 32234324, 'quinta de tilcoco las hijuelas 1171', '2022-10-31'),
(4, 14, 'asdas', 1, '21312wqeqw', '2022-10-19'),
(5, 17, 'HGJGH', 345345634, 'JGHJGHJ', '2022-11-10'),
(6, 17, 'HGJGH', 345345634, 'JGHJGHJ', '2022-11-10'),
(7, 18, 'joseph Urzua Araya', 995726172, 'Quinta de Tilcoco, Las Hijuelas #1171', '2022-11-30'),
(8, 18, 'joseph Urzua Araya', 995726172, 'Quinta de Tilcoco, Las Hijuelas #1171', '2022-11-30'),
(9, 19, 'joseph Urzua Araya', 934435345, 'Quinta de Tilcoco, Las Hijuelas #1171', '2022-11-12'),
(10, 19, 'joseph Urzua Araya', 934435345, 'Quinta de Tilcoco, Las Hijuelas #1171', '2022-11-12'),
(11, 20, 'asdasdsa', 213213, 'sadada', '2023-12-19'),
(12, 20, 'asdasdsa', 213213, 'sadada', '2023-12-19'),
(13, 21, 'dfgfdg', 343242, 'dfdfgd', '2022-11-10'),
(14, 21, 'dfgfdg', 343242, 'dfdfgd', '2022-11-10'),
(15, 22, 'reewrwe', 232131, 'werwerwe', '2022-11-24'),
(16, 22, 'reewrwe', 232131, 'werwerwe', '2022-11-24'),
(17, 23, 'wewqewqe', 23213213, 'wqewqewqe', '2022-11-16');

-- --------------------------------------------------------

--
-- Estructura de tabla para la tabla `despacho_producto`
--

CREATE TABLE `despacho_producto` (
  `id` int(11) NOT NULL,
  `num_despacho` int(11) DEFAULT NULL,
  `id_producto` int(11) DEFAULT NULL,
  `estado` varchar(20) DEFAULT NULL
) ENGINE=InnoDB DEFAULT CHARSET=utf8mb4;

--
-- Volcado de datos para la tabla `despacho_producto`
--

INSERT INTO `despacho_producto` (`id`, `num_despacho`, `id_producto`, `estado`) VALUES
(1, 20, 1, 'completado'),
(2, 20, 1, 'completado'),
(3, 20, 1, 'completado'),
(4, 20, 1, 'completado'),
(5, 20, 1, 'completado'),
(6, 20, 1, 'completado'),
(7, 20, 1, 'completado'),
(8, 20, 1, 'completado'),
(9, 20, 1, 'completado'),
(10, 20, 1, 'completado'),
(11, 21, 1, 'completado'),
(12, 21, 1, 'completado'),
(13, 21, 1, 'completado'),
(14, 21, 1, 'completado'),
(15, 21, 1, 'completado'),
(16, 21, 1, 'completado'),
(17, 22, 3, 'completado'),
(18, 22, 3, 'completado'),
(19, 23, 1, 'completado'),
(20, 23, 1, 'completado'),
(21, 23, 1, 'completado');

-- --------------------------------------------------------

--
-- Estructura de tabla para la tabla `factura_producto`
--

CREATE TABLE `factura_producto` (
  `id` int(11) NOT NULL,
  `id_producto` int(11) DEFAULT NULL,
  `num_factura` int(250) DEFAULT NULL,
  `precio_venta` int(11) DEFAULT NULL
) ENGINE=InnoDB DEFAULT CHARSET=utf8mb4;

--
-- Volcado de datos para la tabla `factura_producto`
--

INSERT INTO `factura_producto` (`id`, `id_producto`, `num_factura`, `precio_venta`) VALUES
(1, 1, 0, 2000),
(2, 1, 0, 2000),
(3, 2, 0, 100),
(4, 2, 0, 100),
(5, 3, 0, 1000),
(6, 1, 1, 2000),
(7, 1, 1, 2000),
(8, 1, 1, 2000),
(9, 25, 1, 2000),
(10, 25, 1, 2000),
(11, 2, 1, 100),
(12, 2, 1, 100),
(13, 27, 2, 2000),
(14, 27, 3, 2000),
(15, 27, 3, 2000),
(16, 3, 3, 1000),
(17, 3, 3, 1000),
(18, 4, 3, 500),
(19, 4, 3, 500),
(20, 1, 3, 1000),
(21, 3, 3, 1000),
(22, 1, 4, 1000),
(23, 1, 4, 1000),
(24, 1, 4, 1000),
(25, 2, 4, 100),
(26, 2, 4, 100),
(27, 2, 4, 100),
(28, 2, 4, 100),
(29, 2, 4, 100),
(30, 2, 4, 100),
(31, 2, 4, 100),
(32, 2, 4, 100),
(33, 2, 4, 100),
(34, 2, 4, 100),
(35, 2, 4, 100),
(36, 2, 4, 100),
(37, 2, 4, 100),
(38, 2, 4, 100),
(39, 2, 4, 100),
(40, 2, 4, 100),
(41, 2, 4, 100),
(42, 3, 4, 1000),
(43, 3, 4, 1000),
(44, 3, 4, 1000),
(45, 3, 4, 1000),
(46, 4, 4, 500),
(47, 4, 4, 500),
(48, 4, 4, 500),
(49, 27, 4, 2000),
(50, 4, 4, 500),
(51, 4, 4, 500),
(52, 27, 5, 2000),
(53, 27, 5, 2000),
(54, 5, 5, 4000),
(55, 2, 5, 100),
(56, 3, 5, 1000),
(57, 2, 5, 100),
(58, 2, 5, 100),
(59, 2, 5, 100),
(60, 2, 5, 100),
(61, 2, 6, 100),
(62, 2, 7, 100),
(63, 2, 8, 80),
(64, 2, 8, 80),
(65, 2, 8, 80),
(66, 2, 8, 80),
(67, 2, 8, 80),
(68, 2, 8, 80),
(69, 2, 8, 80),
(70, 2, 8, 80),
(71, 2, 8, 80),
(72, 2, 9, 80),
(73, 2, 9, 80),
(74, 2, 9, 80),
(75, 4, 9, 500),
(76, 4, 9, 500),
(77, 4, 9, 500),
(78, 4, 9, 500),
(79, 12, 9, 1000),
(80, 25, 10, 2000),
(81, 3, 10, 1000),
(82, 3, 10, 1000),
(83, 27, 10, 2000),
(84, 3, 10, 1000),
(85, 2, 11, 80),
(86, 2, 11, 80),
(87, 2, 11, 80),
(88, 2, 11, 80),
(89, 2, 11, 80),
(90, 20, 11, 2000),
(91, 2, 12, 80),
(92, 2, 12, 80),
(93, 2, 12, 80),
(94, 2, 12, 80),
(95, 2, 12, 80),
(96, 2, 12, 80),
(97, 5, 12, 4000),
(98, 2, 13, 80),
(99, 25, 14, 2000),
(100, 2, 14, 80),
(101, 2, 14, 80),
(102, 2, 14, 80),
(103, 2, 14, 80),
(104, 25, 15, 2000),
(105, 5, 15, 4000),
(106, 25, 16, 2000),
(107, 1, 17, 5000),
(108, 1, 17, 5000),
(109, 1, 17, 5000),
(110, 1, 18, 5000),
(111, 2, 18, 80),
(112, 1, 19, 5000),
(113, 1, 19, 5000),
(114, 1, 19, 5000),
(115, 1, 19, 5000),
(116, 1, 19, 5000),
(117, 1, 20, 5000),
(118, 1, 20, 5000),
(119, 1, 20, 5000),
(120, 1, 20, 5000),
(121, 1, 20, 5000),
(122, 1, 21, 5000),
(123, 1, 21, 5000),
(124, 1, 21, 5000),
(125, 3, 22, 1000),
(126, 1, 23, 5000),
(127, 1, 23, 5000),
(128, 1, 23, 5000);

-- --------------------------------------------------------

--
-- Estructura de tabla para la tabla `factura_producto_temp`
--

CREATE TABLE `factura_producto_temp` (
  `id` int(11) NOT NULL,
  `id_producto` int(11) DEFAULT NULL,
  `num_factura` int(100) DEFAULT NULL
) ENGINE=InnoDB DEFAULT CHARSET=utf8mb4;

--
-- Volcado de datos para la tabla `factura_producto_temp`
--

INSERT INTO `factura_producto_temp` (`id`, `id_producto`, `num_factura`) VALUES
(8, 1, 0),
(9, 1, 0),
(10, 1, 0),
(11, 1, 0),
(12, 1, 0),
(13, 1, 0),
(14, 1, 0),
(15, 1, 0),
(16, 1, 0);

-- --------------------------------------------------------

--
-- Estructura de tabla para la tabla `factura_temp`
--

CREATE TABLE `factura_temp` (
  `id` int(11) NOT NULL,
  `num_factura` int(250) NOT NULL,
  `descuento` int(255) NOT NULL
) ENGINE=InnoDB DEFAULT CHARSET=utf8mb4;

--
-- Volcado de datos para la tabla `factura_temp`
--

INSERT INTO `factura_temp` (`id`, `num_factura`, `descuento`) VALUES
(1, 24, 0);

-- --------------------------------------------------------

--
-- Estructura de tabla para la tabla `orden`
--

CREATE TABLE `orden` (
  `id` int(11) NOT NULL,
  `num_orden` int(100) DEFAULT NULL,
  `fecha` date DEFAULT NULL,
  `total_venta` int(11) NOT NULL
) ENGINE=InnoDB DEFAULT CHARSET=utf8mb4;

--
-- Volcado de datos para la tabla `orden`
--

INSERT INTO `orden` (`id`, `num_orden`, `fecha`, `total_venta`) VALUES
(1, 0, '2022-09-08', 5200),
(2, 1, '2022-10-26', 10200),
(3, 2, '2022-10-13', 2000),
(4, 3, '2022-10-27', 9000),
(5, 4, '2022-10-27', 13200),
(6, 5, '2022-10-28', 9500),
(7, 6, '2022-10-28', 120),
(8, 7, '2022-10-28', 80),
(9, 8, '2022-10-28', 20),
(10, 9, '2022-10-28', 2240),
(11, 10, '2022-10-28', 6000),
(12, 11, '2022-10-28', 2200),
(13, 12, '2022-10-28', 4280),
(14, 13, '2022-10-28', 80),
(15, 14, '2022-10-28', 2320),
(16, 15, '2022-11-20', 6000),
(17, 16, '2022-11-27', 2000),
(18, 17, '2022-11-27', 15000),
(19, 18, '2022-11-29', 5080),
(20, 19, '2022-11-29', 25000),
(21, 20, '2022-11-29', 25000),
(22, 21, '2022-11-29', 15000),
(23, 22, '2022-11-29', 1000),
(24, 23, '2022-11-29', 15000);

-- --------------------------------------------------------

--
-- Estructura de tabla para la tabla `producto`
--

CREATE TABLE `producto` (
  `id` int(11) NOT NULL,
  `codigo` int(11) NOT NULL,
  `nombre` varchar(250) NOT NULL,
  `precio` double NOT NULL
) ENGINE=InnoDB DEFAULT CHARSET=utf8mb4;

--
-- Volcado de datos para la tabla `producto`
--

INSERT INTO `producto` (`id`, `codigo`, `nombre`, `precio`) VALUES
(1, 2000, 'q', 100),
(2, 1234, 'perno', 80),
(3, 3, 'destornillador', 1000),
(4, 887126, 'tornillo', 500),
(5, 54, 'limpiador', 4000),
(6, 213, 'cautin', 5000),
(7, 68786, 'alambre', 100),
(8, 77563, 'taladro', 50000),
(10, 54673, 'limpia parabrisas', 2000),
(11, 56778, 'sad', 10000),
(12, 556, 'broca 1/4', 1000),
(20, 56547, 'sierra caladora', 2000),
(24, 23435, 'soldadura', 5000),
(25, 4563, 'esponja negra', 2000),
(26, 123123, 'prueba', 200),
(27, 3454465, 'prueba ferreteria', 2000),
(28, 4335, 'pala', 5000),
(31, 45465, 'alicate', 5000);

-- --------------------------------------------------------

--
-- Estructura de tabla para la tabla `stock_productos`
--

CREATE TABLE `stock_productos` (
  `id` int(11) NOT NULL,
  `id_producto` int(11) DEFAULT NULL,
  `fecha_ingreso` date DEFAULT NULL
) ENGINE=InnoDB DEFAULT CHARSET=utf8mb4;

--
-- Volcado de datos para la tabla `stock_productos`
--

INSERT INTO `stock_productos` (`id`, `id_producto`, `fecha_ingreso`) VALUES
(53, 6, '2022-10-03'),
(54, 6, '2022-10-03'),
(55, 6, '2022-10-03'),
(56, 6, '2022-10-03'),
(57, 6, '2022-10-03'),
(58, 6, '2022-10-03'),
(59, 6, '2022-10-03'),
(60, 6, '2022-10-03'),
(61, 6, '2022-10-03'),
(62, 6, '2022-10-03'),
(63, 6, '2022-10-03'),
(644, 8, '2022-10-08'),
(645, 8, '2022-10-08'),
(646, 8, '2022-10-08'),
(647, 8, '2022-10-08'),
(648, 8, '2022-10-08'),
(649, 8, '2022-10-08'),
(650, 8, '2022-10-08'),
(651, 8, '2022-10-08'),
(652, 8, '2022-10-08'),
(653, 8, '2022-10-08'),
(654, 8, '2022-10-08'),
(655, 8, '2022-10-08'),
(656, 8, '2022-10-08'),
(657, 8, '2022-10-08'),
(658, 8, '2022-10-08'),
(659, 8, '2022-10-08'),
(660, 8, '2022-10-08'),
(661, 8, '2022-10-08'),
(662, 8, '2022-10-08'),
(663, 8, '2022-10-08'),
(664, 8, '2022-10-08'),
(665, 8, '2022-10-08'),
(666, 8, '2022-10-08'),
(689, 10, '2022-10-09'),
(690, 10, '2022-10-09'),
(691, 10, '2022-10-09'),
(692, 10, '2022-10-09'),
(693, 10, '2022-10-09'),
(694, 10, '2022-10-09'),
(695, 10, '2022-10-09'),
(696, 10, '2022-10-09'),
(697, 10, '2022-10-09'),
(698, 10, '2022-10-09'),
(699, 10, '2022-10-09'),
(700, 10, '2022-10-09'),
(701, 10, '2022-10-09'),
(702, 10, '2022-10-09'),
(703, 10, '2022-10-09'),
(704, 10, '2022-10-09'),
(705, 10, '2022-10-09'),
(706, 10, '2022-10-09'),
(707, 10, '2022-10-09'),
(708, 10, '2022-10-09'),
(709, 10, '2022-10-09'),
(710, 10, '2022-10-09'),
(711, 10, '2022-10-09'),
(712, 10, '2022-10-09'),
(713, 10, '2022-10-09'),
(714, 10, '2022-10-09'),
(715, 10, '2022-10-09'),
(716, 10, '2022-10-09'),
(717, 10, '2022-10-09'),
(718, 10, '2022-10-09'),
(719, 10, '2022-10-09'),
(720, 10, '2022-10-09'),
(721, 10, '2022-10-09'),
(722, 10, '2022-10-09'),
(723, 10, '2022-10-09'),
(724, 10, '2022-10-09'),
(725, 10, '2022-10-09'),
(726, 10, '2022-10-09'),
(727, 10, '2022-10-09'),
(728, 10, '2022-10-09'),
(729, 10, '2022-10-09'),
(730, 10, '2022-10-09'),
(731, 10, '2022-10-09'),
(732, 10, '2022-10-09'),
(733, 10, '2022-10-09'),
(734, 10, '2022-10-09'),
(735, 10, '2022-10-09'),
(736, 10, '2022-10-09'),
(737, 10, '2022-10-09'),
(738, 10, '2022-10-09'),
(739, 10, '2022-10-09'),
(740, 10, '2022-10-09'),
(741, 10, '2022-10-09'),
(742, 10, '2022-10-09'),
(743, 10, '2022-10-09'),
(744, 10, '2022-10-09'),
(745, 10, '2022-10-09'),
(746, 10, '2022-10-09'),
(747, 10, '2022-10-09'),
(748, 10, '2022-10-09'),
(749, 10, '2022-10-09'),
(750, 10, '2022-10-09'),
(751, 10, '2022-10-09'),
(752, 10, '2022-10-09'),
(753, 10, '2022-10-09'),
(754, 10, '2022-10-09'),
(755, 10, '2022-10-09'),
(756, 10, '2022-10-09'),
(757, 10, '2022-10-09'),
(758, 10, '2022-10-09'),
(759, 10, '2022-10-09'),
(760, 10, '2022-10-09'),
(761, 10, '2022-10-09'),
(762, 10, '2022-10-09'),
(763, 10, '2022-10-09'),
(764, 10, '2022-10-09'),
(765, 10, '2022-10-09'),
(766, 10, '2022-10-09'),
(767, 10, '2022-10-09'),
(768, 10, '2022-10-09'),
(769, 10, '2022-10-09'),
(770, 10, '2022-10-09'),
(771, 10, '2022-10-09'),
(772, 10, '2022-10-09'),
(773, 10, '2022-10-09'),
(774, 10, '2022-10-09'),
(775, 10, '2022-10-09'),
(776, 10, '2022-10-09'),
(777, 10, '2022-10-09'),
(778, 10, '2022-10-09'),
(779, 10, '2022-10-09'),
(780, 10, '2022-10-09'),
(781, 10, '2022-10-09'),
(782, 10, '2022-10-09'),
(783, 10, '2022-10-09'),
(784, 10, '2022-10-09'),
(785, 10, '2022-10-09'),
(786, 10, '2022-10-09'),
(787, 10, '2022-10-09'),
(788, 10, '2022-10-09'),
(789, 10, '2022-10-09'),
(830, 11, '0000-00-00'),
(831, 11, '0000-00-00'),
(832, 11, '0000-00-00'),
(833, 11, '0000-00-00'),
(834, 11, '0000-00-00'),
(835, 11, '0000-00-00'),
(836, 11, '0000-00-00'),
(837, 11, '0000-00-00'),
(838, 11, '0000-00-00'),
(839, 11, '0000-00-00'),
(865, 12, '2022-10-11'),
(866, 12, '2022-10-11'),
(867, 12, '2022-10-11'),
(868, 12, '2022-10-11'),
(869, 12, '2022-10-11'),
(870, 12, '2022-10-11'),
(871, 12, '2022-10-11'),
(872, 12, '2022-10-11'),
(873, 12, '2022-10-11'),
(874, 12, '2022-10-11'),
(875, 12, '2022-10-11'),
(876, 12, '2022-10-11'),
(877, 12, '2022-10-11'),
(878, 12, '2022-10-11'),
(879, 12, '2022-10-11'),
(880, 12, '2022-10-11'),
(922, 7, '0000-00-00'),
(923, 7, '0000-00-00'),
(924, 7, '0000-00-00'),
(925, 7, '0000-00-00'),
(926, 7, '0000-00-00'),
(927, 7, '0000-00-00'),
(928, 7, '0000-00-00'),
(929, 7, '2022-10-14'),
(930, 7, '2022-10-14'),
(931, 7, '2022-10-14'),
(932, 7, '2022-10-14'),
(933, 7, '2022-10-14'),
(934, 7, '2022-10-14'),
(935, 7, '2022-10-14'),
(936, 7, '2022-10-14'),
(937, 7, '2022-10-14'),
(938, 7, '2022-10-14'),
(939, 7, '2022-10-14'),
(940, 7, '2022-10-14'),
(941, 7, '2022-10-14'),
(942, 7, '2022-10-14'),
(943, 7, '2022-10-14'),
(944, 7, '2022-10-14'),
(945, 7, '2022-10-14'),
(946, 7, '2022-10-14'),
(947, 7, '2022-10-14'),
(948, 7, '2022-10-14'),
(1327, 3, '2022-10-25'),
(1328, 3, '2022-10-25'),
(1329, 3, '2022-10-25'),
(1330, 3, '2022-10-25'),
(1331, 3, '2022-10-25'),
(1332, 3, '2022-10-25'),
(1333, 3, '2022-10-25'),
(1334, 3, '2022-10-25'),
(1335, 3, '2022-10-25'),
(1336, 3, '2022-10-25'),
(1337, 3, '2022-10-25'),
(1338, 3, '2022-10-25'),
(1339, 3, '2022-10-25'),
(1340, 3, '2022-10-25'),
(1341, 3, '2022-10-25'),
(1342, 3, '2022-10-25'),
(1343, 3, '2022-10-25'),
(1344, 3, '2022-10-25'),
(1345, 3, '2022-10-25'),
(1346, 3, '2022-10-25'),
(1347, 3, '2022-10-25'),
(1348, 3, '2022-10-25'),
(1349, 3, '2022-10-25'),
(1350, 3, '2022-10-25'),
(1351, 3, '2022-10-25'),
(1352, 3, '2022-10-25'),
(1353, 3, '2022-10-25'),
(1354, 3, '2022-10-25'),
(1355, 3, '2022-10-25'),
(1356, 3, '2022-10-25'),
(1357, 3, '2022-10-25'),
(1358, 3, '2022-10-25'),
(1359, 3, '2022-10-25'),
(1360, 3, '2022-10-25'),
(1361, 3, '2022-10-25'),
(1362, 3, '2022-10-25'),
(1363, 3, '2022-10-25'),
(1364, 3, '2022-10-25'),
(1365, 3, '2022-10-25'),
(1366, 3, '2022-10-25'),
(1367, 3, '2022-10-25'),
(1368, 3, '2022-10-25'),
(1369, 3, '2022-10-25'),
(1370, 3, '2022-10-25'),
(1371, 3, '2022-10-25'),
(1372, 3, '2022-10-25'),
(1373, 3, '2022-10-25'),
(1374, 3, '2022-10-25'),
(1375, 3, '2022-10-25'),
(1376, 3, '2022-10-25'),
(1377, 3, '2022-10-25'),
(1378, 3, '2022-10-25'),
(1379, 3, '2022-10-25'),
(1380, 3, '2022-10-25'),
(1381, 3, '2022-10-25'),
(1382, 3, '2022-10-25'),
(1383, 3, '2022-10-25'),
(1384, 3, '2022-10-25'),
(1385, 3, '2022-10-25'),
(1386, 3, '2022-10-25'),
(1387, 3, '2022-10-25'),
(1388, 3, '2022-10-25'),
(1389, 3, '2022-10-25'),
(1390, 3, '2022-10-25'),
(1391, 3, '2022-10-25'),
(1392, 3, '2022-10-25'),
(1393, 3, '2022-10-25'),
(1394, 3, '2022-10-25'),
(1395, 3, '2022-10-25'),
(1396, 3, '2022-10-25'),
(1397, 3, '2022-10-25'),
(1398, 3, '2022-10-25'),
(1399, 3, '2022-10-25'),
(1400, 3, '2022-10-25'),
(1401, 3, '2022-10-25'),
(1402, 3, '2022-10-25'),
(1403, 3, '2022-10-25'),
(1404, 3, '2022-10-25'),
(1405, 3, '2022-10-25'),
(1406, 3, '2022-10-25'),
(1407, 3, '2022-10-25'),
(1408, 3, '2022-10-25'),
(1409, 3, '2022-10-25'),
(1410, 3, '2022-10-25'),
(1411, 3, '2022-10-25'),
(1412, 3, '2022-10-25'),
(1413, 3, '2022-10-25'),
(1426, 4, '2022-10-25'),
(1427, 4, '2022-10-25'),
(1428, 4, '2022-10-25'),
(1429, 4, '2022-10-25'),
(1430, 4, '2022-10-25'),
(1431, 4, '2022-10-25'),
(1432, 4, '2022-10-25'),
(1433, 4, '2022-10-25'),
(1434, 4, '2022-10-25'),
(1435, 4, '2022-10-25'),
(1436, 4, '2022-10-25'),
(1437, 4, '2022-10-25'),
(1438, 4, '2022-10-25'),
(1439, 4, '2022-10-25'),
(1440, 4, '2022-10-25'),
(1441, 4, '2022-10-25'),
(1442, 4, '2022-10-25'),
(1443, 4, '2022-10-25'),
(1444, 4, '2022-10-25'),
(1445, 4, '2022-10-25'),
(1446, 4, '2022-10-25'),
(1447, 4, '2022-10-25'),
(1448, 4, '2022-10-25'),
(1449, 4, '2022-10-25'),
(1450, 4, '2022-10-25'),
(1451, 4, '2022-10-25'),
(1452, 4, '2022-10-25'),
(1453, 4, '2022-10-25'),
(1454, 4, '2022-10-25'),
(1455, 4, '2022-10-25'),
(1456, 4, '2022-10-25'),
(1457, 4, '2022-10-25'),
(1458, 4, '2022-10-25'),
(1459, 4, '2022-10-25'),
(1460, 4, '2022-10-25'),
(1461, 4, '2022-10-25'),
(1462, 4, '2022-10-25'),
(1463, 4, '2022-10-25'),
(1464, 4, '2022-10-25'),
(1465, 4, '2022-10-25'),
(1466, 4, '2022-10-25'),
(1467, 4, '2022-10-25'),
(1468, 4, '2022-10-25'),
(1469, 4, '2022-10-25'),
(1470, 4, '2022-10-25'),
(1471, 4, '2022-10-25'),
(1472, 4, '2022-10-25'),
(1473, 4, '2022-10-25'),
(1474, 4, '2022-10-25'),
(1475, 4, '2022-10-25'),
(1476, 4, '2022-10-25'),
(1477, 4, '2022-10-25'),
(1478, 4, '2022-10-25'),
(1479, 4, '2022-10-25'),
(1480, 4, '2022-10-25'),
(1481, 4, '2022-10-25'),
(1482, 4, '2022-10-25'),
(1483, 4, '2022-10-25'),
(1484, 4, '2022-10-25'),
(1485, 4, '2022-10-25'),
(1486, 4, '2022-10-25'),
(1487, 4, '2022-10-25'),
(1488, 4, '2022-10-25'),
(1489, 4, '2022-10-25'),
(1490, 4, '2022-10-25'),
(1491, 4, '2022-10-25'),
(1492, 4, '2022-10-25'),
(1493, 4, '2022-10-25'),
(1494, 4, '2022-10-25'),
(1495, 4, '2022-10-25'),
(1496, 4, '2022-10-25'),
(1497, 4, '2022-10-25'),
(1498, 4, '2022-10-25'),
(1499, 4, '2022-10-25'),
(1500, 4, '2022-10-25'),
(1501, 4, '2022-10-25'),
(1502, 4, '2022-10-25'),
(1503, 4, '2022-10-25'),
(1504, 4, '2022-10-25'),
(1505, 4, '2022-10-25'),
(1506, 4, '2022-10-25'),
(1507, 4, '2022-10-25'),
(1508, 4, '2022-10-25'),
(1509, 4, '2022-10-25'),
(1510, 4, '2022-10-25'),
(1511, 4, '2022-10-25'),
(1512, 4, '2022-10-25'),
(1513, 4, '2022-10-25'),
(1517, 5, '2022-10-25'),
(1518, 5, '2022-10-25'),
(1519, 5, '2022-10-25'),
(1520, 5, '2022-10-25'),
(1521, 5, '2022-10-25'),
(1522, 5, '2022-10-25'),
(1523, 5, '2022-10-25'),
(1524, 5, '2022-10-25'),
(1525, 5, '2022-10-25'),
(1526, 5, '2022-10-25'),
(1527, 5, '2022-10-25'),
(1528, 5, '2022-10-25'),
(1529, 5, '2022-10-25'),
(1530, 5, '2022-10-25'),
(1531, 5, '2022-10-25'),
(1532, 5, '2022-10-25'),
(1533, 5, '2022-10-25'),
(1534, 5, '2022-10-25'),
(1535, 5, '2022-10-25'),
(1536, 5, '2022-10-25'),
(1537, 5, '2022-10-25'),
(1538, 5, '2022-10-25'),
(1539, 5, '2022-10-25'),
(1540, 5, '2022-10-25'),
(1541, 5, '2022-10-25'),
(1542, 5, '2022-10-25'),
(1543, 5, '2022-10-25'),
(1544, 5, '2022-10-25'),
(1545, 5, '2022-10-25'),
(1546, 5, '2022-10-25'),
(1547, 5, '2022-10-25'),
(1548, 5, '2022-10-25'),
(1549, 5, '2022-10-25'),
(1550, 5, '2022-10-25'),
(1551, 5, '2022-10-25'),
(1552, 5, '2022-10-25'),
(1553, 5, '2022-10-25'),
(1554, 5, '2022-10-25'),
(1555, 5, '2022-10-25'),
(1556, 5, '2022-10-25'),
(1557, 5, '2022-10-25'),
(1558, 5, '2022-10-25'),
(1559, 5, '2022-10-25'),
(1560, 5, '2022-10-25'),
(1561, 5, '2022-10-25'),
(1562, 5, '2022-10-25'),
(1563, 5, '2022-10-25'),
(1564, 5, '2022-10-25'),
(1565, 5, '2022-10-25'),
(1566, 5, '2022-10-25'),
(1567, 5, '2022-10-25'),
(1568, 5, '2022-10-25'),
(1569, 5, '2022-10-25'),
(1570, 5, '2022-10-25'),
(1571, 5, '2022-10-25'),
(1572, 5, '2022-10-25'),
(1573, 5, '2022-10-25'),
(1574, 5, '2022-10-25'),
(1575, 5, '2022-10-25'),
(1576, 5, '2022-10-25'),
(1577, 5, '2022-10-25'),
(1578, 5, '2022-10-25'),
(1579, 5, '2022-10-25'),
(1580, 5, '2022-10-25'),
(1581, 5, '2022-10-25'),
(1582, 5, '2022-10-25'),
(1583, 5, '2022-10-25'),
(1584, 5, '2022-10-25'),
(1585, 5, '2022-10-25'),
(1586, 5, '2022-10-25'),
(1587, 5, '2022-10-25'),
(1588, 5, '2022-10-25'),
(1589, 5, '2022-10-25'),
(1590, 5, '2022-10-25'),
(1591, 5, '2022-10-25'),
(1592, 5, '2022-10-25'),
(1593, 5, '2022-10-25'),
(1594, 5, '2022-10-25'),
(1595, 5, '2022-10-25'),
(1596, 5, '2022-10-25'),
(1597, 5, '2022-10-25'),
(1598, 5, '2022-10-25'),
(1599, 5, '2022-10-25'),
(1600, 5, '2022-10-25'),
(1601, 5, '2022-10-25'),
(1602, 5, '2022-10-25'),
(1603, 5, '2022-10-25'),
(1604, 5, '2022-10-25'),
(1605, 5, '2022-10-25'),
(1606, 5, '2022-10-25'),
(1607, 5, '2022-10-25'),
(1608, 5, '2022-10-25'),
(1609, 5, '2022-10-25'),
(1610, 5, '2022-10-25'),
(1611, 5, '2022-10-25'),
(1612, 5, '2022-10-25'),
(1613, 5, '2022-10-25'),
(1615, 20, '2022-10-25'),
(1616, 20, '2022-10-25'),
(1617, 20, '2022-10-25'),
(1618, 20, '2022-10-25'),
(1619, 20, '2022-10-25'),
(1620, 20, '2022-10-25'),
(1621, 20, '2022-10-25'),
(1622, 20, '2022-10-25'),
(1623, 20, '2022-10-25'),
(1624, 20, '2022-10-25'),
(1625, 20, '2022-10-25'),
(1626, 20, '2022-10-25'),
(1627, 20, '2022-10-25'),
(1628, 20, '2022-10-25'),
(1629, 20, '2022-10-25'),
(1630, 20, '2022-10-25'),
(1631, 20, '2022-10-25'),
(1632, 20, '2022-10-25'),
(1633, 20, '2022-10-25'),
(1634, 20, '2022-10-25'),
(1635, 20, '2022-10-25'),
(1636, 20, '2022-10-25'),
(1637, 20, '2022-10-25'),
(1638, 20, '2022-10-25'),
(1639, 20, '2022-10-25'),
(1640, 20, '2022-10-25'),
(1641, 20, '2022-10-25'),
(1642, 20, '2022-10-25'),
(1643, 20, '2022-10-25'),
(1644, 20, '2022-10-25'),
(1645, 20, '2022-10-25'),
(1646, 20, '2022-10-25'),
(1647, 20, '2022-10-25'),
(1648, 20, '2022-10-25'),
(1649, 20, '2022-10-25'),
(1650, 20, '2022-10-25'),
(1651, 20, '2022-10-25'),
(1652, 20, '2022-10-25'),
(1653, 20, '2022-10-25'),
(1654, 20, '2022-10-25'),
(1655, 20, '2022-10-25'),
(1656, 20, '2022-10-25'),
(1657, 20, '2022-10-25'),
(1658, 20, '2022-10-25'),
(1659, 20, '2022-10-25'),
(1660, 20, '2022-10-25'),
(1661, 20, '2022-10-25'),
(1662, 20, '2022-10-25'),
(1663, 20, '2022-10-25'),
(1664, 20, '2022-10-25'),
(1665, 20, '2022-10-25'),
(1666, 20, '2022-10-25'),
(1667, 20, '2022-10-25'),
(1668, 20, '2022-10-25'),
(1669, 20, '2022-10-25'),
(1670, 20, '2022-10-25'),
(1671, 20, '2022-10-25'),
(1672, 20, '2022-10-25'),
(1673, 20, '2022-10-25'),
(1674, 20, '2022-10-25'),
(1675, 20, '2022-10-25'),
(1676, 20, '2022-10-25'),
(1677, 20, '2022-10-25'),
(1678, 20, '2022-10-25'),
(1679, 20, '2022-10-25'),
(1680, 20, '2022-10-25'),
(1681, 20, '2022-10-25'),
(1682, 20, '2022-10-25'),
(1683, 20, '2022-10-25'),
(1684, 20, '2022-10-25'),
(1685, 20, '2022-10-25'),
(1686, 20, '2022-10-25'),
(1687, 20, '2022-10-25'),
(1688, 20, '2022-10-25'),
(1689, 20, '2022-10-25'),
(1690, 20, '2022-10-25'),
(1691, 20, '2022-10-25'),
(1692, 20, '2022-10-25'),
(1693, 20, '2022-10-25'),
(1694, 20, '2022-10-25'),
(1695, 20, '2022-10-25'),
(1696, 20, '2022-10-25'),
(1697, 20, '2022-10-25'),
(1698, 20, '2022-10-25'),
(1699, 20, '2022-10-25'),
(1700, 20, '2022-10-25'),
(1701, 20, '2022-10-25'),
(1702, 20, '2022-10-25'),
(1703, 20, '2022-10-25'),
(1704, 20, '2022-10-25'),
(1705, 20, '2022-10-25'),
(1706, 20, '2022-10-25'),
(1707, 20, '2022-10-25'),
(1708, 20, '2022-10-25'),
(1709, 20, '2022-10-25'),
(1710, 20, '2022-10-25'),
(1711, 20, '2022-10-25'),
(1712, 20, '2022-10-25'),
(1713, 20, '2022-10-25'),
(1714, 24, '2022-10-25'),
(1715, 24, '2022-10-25'),
(1716, 24, '2022-10-25'),
(1717, 24, '2022-10-25'),
(1718, 24, '2022-10-25'),
(1719, 24, '2022-10-25'),
(1720, 24, '2022-10-25'),
(1721, 24, '2022-10-25'),
(1722, 24, '2022-10-25'),
(1723, 24, '2022-10-25'),
(1724, 24, '2022-10-25'),
(1725, 24, '2022-10-25'),
(1726, 24, '2022-10-25'),
(1727, 24, '2022-10-25'),
(1728, 24, '2022-10-25'),
(1729, 24, '2022-10-25'),
(1730, 24, '2022-10-25'),
(1731, 24, '2022-10-25'),
(1732, 24, '2022-10-25'),
(1733, 24, '2022-10-25'),
(1734, 24, '2022-10-25'),
(1735, 24, '2022-10-25'),
(1736, 24, '2022-10-25'),
(1737, 24, '2022-10-25'),
(1738, 24, '2022-10-25'),
(1739, 24, '2022-10-25'),
(1740, 24, '2022-10-25'),
(1741, 24, '2022-10-25'),
(1742, 24, '2022-10-25'),
(1743, 24, '2022-10-25'),
(1744, 24, '2022-10-25'),
(1745, 24, '2022-10-25'),
(1746, 24, '2022-10-25'),
(1747, 24, '2022-10-25'),
(1748, 24, '2022-10-25'),
(1749, 24, '2022-10-25'),
(1750, 24, '2022-10-25'),
(1751, 24, '2022-10-25'),
(1752, 24, '2022-10-25'),
(1753, 24, '2022-10-25'),
(1754, 24, '2022-10-25'),
(1755, 24, '2022-10-25'),
(1756, 24, '2022-10-25'),
(1757, 24, '2022-10-25'),
(1758, 24, '2022-10-25'),
(1759, 24, '2022-10-25'),
(1760, 24, '2022-10-25'),
(1761, 24, '2022-10-25'),
(1762, 24, '2022-10-25'),
(1763, 24, '2022-10-25'),
(1764, 24, '2022-10-25'),
(1765, 24, '2022-10-25'),
(1766, 24, '2022-10-25'),
(1767, 24, '2022-10-25'),
(1768, 24, '2022-10-25'),
(1769, 24, '2022-10-25'),
(1770, 24, '2022-10-25'),
(1771, 24, '2022-10-25'),
(1772, 24, '2022-10-25'),
(1773, 24, '2022-10-25'),
(1774, 24, '2022-10-25'),
(1775, 24, '2022-10-25'),
(1776, 24, '2022-10-25'),
(1777, 24, '2022-10-25'),
(1778, 24, '2022-10-25'),
(1779, 24, '2022-10-25'),
(1780, 24, '2022-10-25'),
(1781, 24, '2022-10-25'),
(1782, 24, '2022-10-25'),
(1783, 24, '2022-10-25'),
(1784, 24, '2022-10-25'),
(1785, 24, '2022-10-25'),
(1786, 24, '2022-10-25'),
(1787, 24, '2022-10-25'),
(1788, 24, '2022-10-25'),
(1789, 24, '2022-10-25'),
(1790, 24, '2022-10-25'),
(1791, 24, '2022-10-25'),
(1792, 24, '2022-10-25'),
(1793, 24, '2022-10-25'),
(1794, 24, '2022-10-25'),
(1795, 24, '2022-10-25'),
(1796, 24, '2022-10-25'),
(1797, 24, '2022-10-25'),
(1798, 24, '2022-10-25'),
(1799, 24, '2022-10-25'),
(1800, 24, '2022-10-25'),
(1801, 24, '2022-10-25'),
(1802, 24, '2022-10-25'),
(1803, 24, '2022-10-25'),
(1804, 24, '2022-10-25'),
(1805, 24, '2022-10-25'),
(1806, 24, '2022-10-25'),
(1807, 24, '2022-10-25'),
(1808, 24, '2022-10-25'),
(1809, 24, '2022-10-25'),
(1810, 24, '2022-10-25'),
(1811, 24, '2022-10-25'),
(1812, 24, '2022-10-25'),
(1813, 24, '2022-10-25'),
(1821, 25, '2022-10-25'),
(1822, 25, '2022-10-25'),
(1823, 25, '2022-10-25'),
(1824, 25, '2022-10-25'),
(1825, 25, '2022-10-25'),
(1826, 25, '2022-10-25'),
(1827, 25, '2022-10-25'),
(1828, 25, '2022-10-25'),
(1829, 25, '2022-10-25'),
(1830, 25, '2022-10-25'),
(1831, 25, '2022-10-25'),
(1832, 25, '2022-10-25'),
(1833, 25, '2022-10-25'),
(1834, 25, '2022-10-25'),
(1835, 25, '2022-10-25'),
(1836, 25, '2022-10-25'),
(1837, 25, '2022-10-25'),
(1838, 25, '2022-10-25'),
(1839, 25, '2022-10-25'),
(1840, 25, '2022-10-25'),
(1841, 25, '2022-10-25'),
(1842, 25, '2022-10-25'),
(1843, 25, '2022-10-25'),
(1844, 25, '2022-10-25'),
(1845, 25, '2022-10-25'),
(1846, 25, '2022-10-25'),
(1847, 25, '2022-10-25'),
(1848, 25, '2022-10-25'),
(1849, 25, '2022-10-25'),
(1850, 25, '2022-10-25'),
(1851, 25, '2022-10-25'),
(1852, 25, '2022-10-25'),
(1853, 25, '2022-10-25'),
(1854, 25, '2022-10-25'),
(1855, 25, '2022-10-25'),
(1856, 25, '2022-10-25'),
(1857, 25, '2022-10-25'),
(1858, 25, '2022-10-25'),
(1859, 25, '2022-10-25'),
(1860, 25, '2022-10-25'),
(1861, 25, '2022-10-25'),
(1862, 25, '2022-10-25'),
(1863, 25, '2022-10-25'),
(1864, 25, '2022-10-25'),
(1865, 25, '2022-10-25'),
(1866, 25, '2022-10-25'),
(1867, 25, '2022-10-25'),
(1868, 25, '2022-10-25'),
(1869, 25, '2022-10-25'),
(1870, 25, '2022-10-25'),
(1871, 25, '2022-10-25'),
(1872, 25, '2022-10-25'),
(1873, 25, '2022-10-25'),
(1874, 25, '2022-10-25'),
(1875, 25, '2022-10-25'),
(1876, 25, '2022-10-25'),
(1877, 25, '2022-10-25'),
(1878, 25, '2022-10-25'),
(1879, 25, '2022-10-25'),
(1880, 25, '2022-10-25'),
(1881, 25, '2022-10-25'),
(1882, 25, '2022-10-25'),
(1883, 25, '2022-10-25'),
(1884, 25, '2022-10-25'),
(1885, 25, '2022-10-25'),
(1886, 25, '2022-10-25'),
(1887, 25, '2022-10-25'),
(1888, 25, '2022-10-25'),
(1889, 25, '2022-10-25'),
(1890, 25, '2022-10-25'),
(1891, 25, '2022-10-25'),
(1892, 25, '2022-10-25'),
(1893, 25, '2022-10-25'),
(1894, 25, '2022-10-25'),
(1895, 25, '2022-10-25'),
(1896, 25, '2022-10-25'),
(1897, 25, '2022-10-25'),
(1898, 25, '2022-10-25'),
(1899, 25, '2022-10-25'),
(1900, 25, '2022-10-25'),
(1901, 25, '2022-10-25'),
(1902, 25, '2022-10-25'),
(1903, 25, '2022-10-25'),
(1904, 25, '2022-10-25'),
(1905, 25, '2022-10-25'),
(1906, 25, '2022-10-25'),
(1907, 25, '2022-10-25'),
(1908, 25, '2022-10-25'),
(1909, 25, '2022-10-25'),
(1910, 25, '2022-10-25'),
(1911, 25, '2022-10-25'),
(1912, 25, '2022-10-25'),
(1913, 25, '2022-10-25'),
(2103, 27, '2022-10-26'),
(2104, 27, '2022-10-26'),
(2105, 27, '2022-10-26'),
(2106, 27, '2022-10-26'),
(2107, 27, '2022-10-26'),
(2108, 27, '2022-10-26'),
(2109, 27, '2022-10-26'),
(2110, 27, '2022-10-26'),
(2111, 27, '2022-10-26'),
(2112, 27, '2022-10-26'),
(2113, 27, '2022-10-26'),
(2114, 27, '2022-10-26'),
(2115, 27, '2022-10-26'),
(2116, 27, '2022-10-26'),
(2117, 27, '2022-10-26'),
(2118, 27, '2022-10-26'),
(2119, 27, '2022-10-26'),
(2120, 27, '2022-10-26'),
(2121, 27, '2022-10-26'),
(2122, 27, '2022-10-26'),
(2123, 27, '2022-10-26'),
(2124, 27, '2022-10-26'),
(2125, 27, '2022-10-26'),
(2399, 11, '2022-10-26'),
(2400, 11, '2022-10-26'),
(3276, 2, '0000-00-00'),
(3277, 2, '0000-00-00'),
(3278, 2, '0000-00-00'),
(3279, 2, '0000-00-00'),
(3280, 2, '0000-00-00'),
(3281, 2, '0000-00-00'),
(3282, 2, '0000-00-00'),
(3283, 2, '0000-00-00'),
(3284, 2, '0000-00-00'),
(3285, 2, '0000-00-00'),
(3286, 2, '0000-00-00'),
(3287, 2, '0000-00-00'),
(3288, 2, '0000-00-00'),
(3289, 2, '0000-00-00'),
(3290, 2, '0000-00-00'),
(3291, 2, '0000-00-00'),
(3292, 2, '0000-00-00'),
(3293, 2, '0000-00-00'),
(3294, 2, '0000-00-00'),
(3295, 2, '0000-00-00'),
(3296, 2, '0000-00-00'),
(3297, 2, '0000-00-00'),
(3298, 2, '0000-00-00'),
(3299, 2, '0000-00-00'),
(3300, 2, '0000-00-00'),
(3301, 2, '0000-00-00'),
(3302, 2, '0000-00-00'),
(3303, 2, '0000-00-00'),
(3304, 2, '0000-00-00'),
(3305, 2, '0000-00-00'),
(3306, 2, '0000-00-00'),
(3307, 2, '0000-00-00'),
(3308, 2, '0000-00-00'),
(3309, 2, '0000-00-00'),
(3310, 2, '0000-00-00'),
(3311, 2, '0000-00-00'),
(3312, 2, '0000-00-00'),
(3313, 2, '0000-00-00'),
(3314, 2, '0000-00-00'),
(3315, 2, '0000-00-00'),
(3316, 2, '0000-00-00'),
(3317, 2, '0000-00-00'),
(3318, 2, '0000-00-00'),
(3319, 2, '0000-00-00'),
(3320, 2, '0000-00-00'),
(3321, 2, '0000-00-00'),
(3322, 2, '0000-00-00'),
(3323, 2, '0000-00-00'),
(3324, 2, '0000-00-00'),
(3325, 2, '0000-00-00'),
(3326, 2, '0000-00-00'),
(3327, 2, '0000-00-00'),
(3328, 2, '0000-00-00'),
(3329, 2, '0000-00-00'),
(3330, 2, '0000-00-00'),
(3331, 2, '0000-00-00'),
(3332, 2, '0000-00-00'),
(3333, 2, '0000-00-00'),
(3334, 2, '0000-00-00'),
(3335, 2, '0000-00-00'),
(3336, 2, '0000-00-00'),
(3337, 2, '0000-00-00'),
(3338, 2, '0000-00-00'),
(3339, 2, '0000-00-00'),
(3340, 2, '0000-00-00'),
(3341, 2, '0000-00-00'),
(3342, 2, '0000-00-00'),
(3343, 2, '0000-00-00'),
(3344, 2, '0000-00-00'),
(3345, 2, '0000-00-00'),
(3346, 2, '0000-00-00'),
(3347, 2, '0000-00-00'),
(3348, 2, '0000-00-00'),
(3349, 2, '0000-00-00'),
(3350, 2, '0000-00-00'),
(3351, 2, '0000-00-00'),
(3352, 2, '0000-00-00'),
(3353, 2, '0000-00-00'),
(3354, 2, '0000-00-00'),
(3355, 2, '0000-00-00'),
(3356, 2, '0000-00-00'),
(3357, 2, '0000-00-00'),
(3358, 2, '0000-00-00'),
(3359, 2, '0000-00-00'),
(3360, 2, '0000-00-00'),
(3361, 2, '0000-00-00'),
(3362, 2, '0000-00-00'),
(3363, 2, '0000-00-00'),
(3364, 2, '0000-00-00'),
(3365, 2, '0000-00-00'),
(3366, 2, '0000-00-00'),
(3367, 2, '0000-00-00'),
(3368, 2, '0000-00-00'),
(3369, 2, '0000-00-00'),
(3370, 2, '0000-00-00'),
(3371, 2, '0000-00-00'),
(3372, 2, '0000-00-00'),
(3373, 2, '0000-00-00'),
(3374, 2, '0000-00-00'),
(3375, 2, '0000-00-00'),
(3376, 2, '0000-00-00'),
(3377, 2, '0000-00-00'),
(3378, 2, '0000-00-00'),
(3379, 2, '0000-00-00'),
(3380, 2, '0000-00-00'),
(3381, 2, '0000-00-00'),
(3382, 2, '0000-00-00'),
(3383, 2, '0000-00-00'),
(3384, 2, '0000-00-00'),
(3385, 2, '0000-00-00'),
(3386, 2, '0000-00-00'),
(3387, 2, '0000-00-00'),
(3388, 2, '0000-00-00'),
(3389, 2, '0000-00-00'),
(3390, 2, '0000-00-00'),
(3391, 2, '0000-00-00'),
(3392, 2, '0000-00-00'),
(3393, 2, '0000-00-00'),
(3394, 2, '0000-00-00'),
(3395, 2, '0000-00-00'),
(3396, 2, '0000-00-00'),
(3397, 2, '0000-00-00'),
(3398, 2, '0000-00-00'),
(3399, 2, '0000-00-00'),
(3400, 2, '0000-00-00'),
(3401, 2, '0000-00-00'),
(3402, 2, '0000-00-00'),
(3403, 2, '0000-00-00'),
(3404, 2, '0000-00-00'),
(3405, 2, '0000-00-00'),
(3406, 2, '0000-00-00'),
(3407, 2, '0000-00-00'),
(3408, 2, '0000-00-00'),
(3409, 2, '0000-00-00'),
(3410, 2, '0000-00-00'),
(3411, 2, '0000-00-00'),
(3412, 2, '0000-00-00'),
(3473, 31, '2022-10-28'),
(3474, 31, '2022-10-28'),
(3475, 31, '2022-10-28'),
(3476, 31, '2022-10-28'),
(3477, 31, '2022-10-28'),
(3478, 31, '2022-10-28'),
(3479, 31, '2022-10-28'),
(3480, 31, '2022-10-28'),
(3481, 31, '2022-10-28'),
(3482, 31, '2022-10-28'),
(3483, 31, '2022-10-28'),
(3484, 31, '2022-10-28'),
(3485, 31, '2022-10-28'),
(3486, 31, '2022-10-28'),
(3487, 31, '2022-10-28'),
(3488, 31, '2022-10-28'),
(3489, 31, '2022-10-28'),
(3490, 31, '2022-10-28'),
(3491, 31, '2022-10-28'),
(3492, 31, '2022-10-28'),
(3493, 31, '2022-10-28'),
(3494, 31, '2022-10-28'),
(3495, 31, '2022-10-28'),
(3496, 31, '2022-10-28'),
(3497, 31, '2022-10-28'),
(3498, 31, '2022-10-28'),
(3499, 31, '2022-10-28'),
(3500, 31, '2022-10-28'),
(3501, 31, '2022-10-28'),
(3502, 31, '2022-10-28'),
(3503, 31, '2022-10-28'),
(3504, 31, '2022-10-28'),
(3505, 31, '2022-10-28'),
(3506, 31, '2022-10-28'),
(3507, 31, '2022-10-28'),
(3508, 31, '2022-10-28'),
(3509, 31, '2022-10-28'),
(3510, 31, '2022-10-28'),
(3511, 31, '2022-10-28'),
(3512, 31, '2022-10-28'),
(3513, 31, '2022-10-28'),
(3514, 31, '2022-10-28'),
(3515, 31, '2022-10-28'),
(3516, 31, '2022-10-28'),
(3517, 31, '2022-10-28'),
(3518, 31, '2022-10-28'),
(3519, 31, '2022-10-28'),
(3520, 31, '2022-10-28'),
(3521, 31, '2022-10-28'),
(3522, 31, '2022-10-28'),
(3523, 31, '2022-11-29'),
(3524, 31, '2022-11-29'),
(3525, 31, '2022-11-29'),
(3526, 31, '2022-11-29'),
(3527, 31, '2022-11-29'),
(3528, 31, '2022-11-29'),
(3529, 31, '2022-11-29'),
(3530, 31, '2022-11-29'),
(3531, 31, '2022-11-29'),
(3532, 31, '2022-11-29'),
(3533, 31, '2022-11-29'),
(3534, 31, '2022-11-29'),
(3535, 31, '2022-11-29'),
(3536, 31, '2022-11-29'),
(3537, 31, '2022-11-29'),
(3538, 31, '2022-11-29'),
(3539, 31, '2022-11-29'),
(3540, 31, '2022-11-29'),
(3541, 31, '2022-11-29'),
(3542, 31, '2022-11-29'),
(3543, 31, '2022-11-29'),
(3544, 31, '2022-11-29'),
(3545, 31, '2022-11-29'),
(3546, 31, '2022-11-29'),
(3547, 31, '2022-11-29'),
(3548, 31, '2022-11-29'),
(3549, 31, '2022-11-29'),
(3550, 31, '2022-11-29'),
(3551, 31, '2022-11-29'),
(3552, 31, '2022-11-29'),
(8297, 1, '0000-00-00'),
(8298, 1, '0000-00-00'),
(8299, 1, '0000-00-00'),
(8300, 1, '0000-00-00'),
(8301, 1, '0000-00-00'),
(8302, 1, '0000-00-00'),
(8303, 1, '0000-00-00'),
(8304, 1, '0000-00-00'),
(8305, 1, '0000-00-00'),
(8306, 1, '0000-00-00'),
(8307, 1, '0000-00-00'),
(8308, 1, '0000-00-00'),
(8309, 1, '0000-00-00'),
(8310, 1, '0000-00-00'),
(8311, 1, '0000-00-00'),
(8312, 1, '0000-00-00'),
(8313, 1, '0000-00-00'),
(8314, 1, '0000-00-00'),
(8315, 1, '0000-00-00'),
(8316, 1, '0000-00-00'),
(8317, 1, '2022-12-06'),
(8318, 1, '2022-12-06'),
(8319, 1, '2022-12-06'),
(8320, 1, '2022-12-06'),
(8321, 1, '2022-12-06'),
(8322, 1, '2022-12-06'),
(8323, 1, '2022-12-06'),
(8324, 1, '2022-12-06'),
(8325, 1, '2022-12-06'),
(8326, 1, '2022-12-06'),
(8327, 1, '2022-12-06'),
(8328, 1, '2022-12-06'),
(8329, 1, '2022-12-06'),
(8330, 1, '2022-12-06'),
(8331, 1, '2022-12-06'),
(8332, 1, '2022-12-06'),
(8333, 1, '2022-12-06'),
(8334, 1, '2022-12-06'),
(8335, 1, '2022-12-06'),
(8336, 1, '2022-12-06'),
(8337, 1, '2022-12-06');

-- --------------------------------------------------------

--
-- Estructura de tabla para la tabla `usuarios`
--

CREATE TABLE `usuarios` (
  `id` int(11) NOT NULL,
  `usuario` varchar(250) NOT NULL,
  `pass` varchar(250) NOT NULL
) ENGINE=InnoDB DEFAULT CHARSET=utf8mb4;

--
-- Volcado de datos para la tabla `usuarios`
--

INSERT INTO `usuarios` (`id`, `usuario`, `pass`) VALUES
(1, 'p', '3c9909afec25354d551dae21590bb26e38d53f2173b8d3dc3eee4c047e7ab1c1eb8b85103e3be7ba613b31bb5c9c36214dc9f14a42fd7a2fdb84856bca5c44c2'),
(2, 'test', 'd404559f602eab6fd602ac7680dacbfaadd13630335e951f097af3900e9de176b6db28512f2e000b9d04fba5133e8b1c6e8df59db3a8ab9d60be4b97cc9e81db'),
(3, 'user', '78668387dbad30a8b8d690f3a33889fde06a9e6ab2c011dbfa2f076166042858dcaf124b6d5ea52be4d8d76229846726ede2cb5dddc8c2bb26fd0e7b9a38e578'),
(4, 'nuevo', 'fa585d89c851dd338a70dcf535aa2a92fee7836dd6aff1226583e88e0996293f16bc009c652826e0fc5c706695a03cddce372f139eff4d13959da6f1f5d3eabe');

--
-- Índices para tablas volcadas
--

--
-- Indices de la tabla `despacho`
--
ALTER TABLE `despacho`
  ADD PRIMARY KEY (`id`),
  ADD KEY `num_despacho` (`num_despacho`);

--
-- Indices de la tabla `despacho_producto`
--
ALTER TABLE `despacho_producto`
  ADD PRIMARY KEY (`id`);

--
-- Indices de la tabla `factura_producto`
--
ALTER TABLE `factura_producto`
  ADD PRIMARY KEY (`id`),
  ADD KEY `FK_id_producto` (`id_producto`),
  ADD KEY `FK_num_factura` (`num_factura`);

--
-- Indices de la tabla `factura_producto_temp`
--
ALTER TABLE `factura_producto_temp`
  ADD PRIMARY KEY (`id`),
  ADD KEY `id_producto` (`id_producto`),
  ADD KEY `num_factura` (`num_factura`);

--
-- Indices de la tabla `factura_temp`
--
ALTER TABLE `factura_temp`
  ADD PRIMARY KEY (`id`),
  ADD KEY `num_factura` (`num_factura`);

--
-- Indices de la tabla `orden`
--
ALTER TABLE `orden`
  ADD PRIMARY KEY (`id`),
  ADD KEY `num_orden` (`num_orden`);

--
-- Indices de la tabla `producto`
--
ALTER TABLE `producto`
  ADD PRIMARY KEY (`id`),
  ADD UNIQUE KEY `codigo` (`codigo`),
  ADD UNIQUE KEY `nombre_2` (`nombre`);
ALTER TABLE `producto` ADD FULLTEXT KEY `nombre` (`nombre`);

--
-- Indices de la tabla `stock_productos`
--
ALTER TABLE `stock_productos`
  ADD PRIMARY KEY (`id`),
  ADD KEY `id_producto` (`id_producto`);

--
-- Indices de la tabla `usuarios`
--
ALTER TABLE `usuarios`
  ADD PRIMARY KEY (`id`);

--
-- AUTO_INCREMENT de las tablas volcadas
--

--
-- AUTO_INCREMENT de la tabla `despacho`
--
ALTER TABLE `despacho`
  MODIFY `id` int(11) NOT NULL AUTO_INCREMENT, AUTO_INCREMENT=18;

--
-- AUTO_INCREMENT de la tabla `despacho_producto`
--
ALTER TABLE `despacho_producto`
  MODIFY `id` int(11) NOT NULL AUTO_INCREMENT, AUTO_INCREMENT=22;

--
-- AUTO_INCREMENT de la tabla `factura_producto`
--
ALTER TABLE `factura_producto`
  MODIFY `id` int(11) NOT NULL AUTO_INCREMENT, AUTO_INCREMENT=129;

--
-- AUTO_INCREMENT de la tabla `factura_producto_temp`
--
ALTER TABLE `factura_producto_temp`
  MODIFY `id` int(11) NOT NULL AUTO_INCREMENT, AUTO_INCREMENT=17;

--
-- AUTO_INCREMENT de la tabla `factura_temp`
--
ALTER TABLE `factura_temp`
  MODIFY `id` int(11) NOT NULL AUTO_INCREMENT, AUTO_INCREMENT=2;

--
-- AUTO_INCREMENT de la tabla `orden`
--
ALTER TABLE `orden`
  MODIFY `id` int(11) NOT NULL AUTO_INCREMENT, AUTO_INCREMENT=25;

--
-- AUTO_INCREMENT de la tabla `producto`
--
ALTER TABLE `producto`
  MODIFY `id` int(11) NOT NULL AUTO_INCREMENT, AUTO_INCREMENT=34;

--
-- AUTO_INCREMENT de la tabla `stock_productos`
--
ALTER TABLE `stock_productos`
  MODIFY `id` int(11) NOT NULL AUTO_INCREMENT, AUTO_INCREMENT=8338;

--
-- AUTO_INCREMENT de la tabla `usuarios`
--
ALTER TABLE `usuarios`
  MODIFY `id` int(11) NOT NULL AUTO_INCREMENT, AUTO_INCREMENT=5;

--
-- Restricciones para tablas volcadas
--

--
-- Filtros para la tabla `stock_productos`
--
ALTER TABLE `stock_productos`
  ADD CONSTRAINT `stock_productos_ibfk_1` FOREIGN KEY (`id_producto`) REFERENCES `producto` (`id`) ON DELETE CASCADE ON UPDATE CASCADE;
COMMIT;

/*!40101 SET CHARACTER_SET_CLIENT=@OLD_CHARACTER_SET_CLIENT */;
/*!40101 SET CHARACTER_SET_RESULTS=@OLD_CHARACTER_SET_RESULTS */;
/*!40101 SET COLLATION_CONNECTION=@OLD_COLLATION_CONNECTION */;
